{"name":"OUR POOLING RPC","xData":[2,5,10,20],"yData":[7.7090934,7.8740782,8.0559971,10.1841331]}