{"name":"OUR POOLING RPC","xData":[2,5,10,20],"yData":[1.6080559,1.65561,1.7556408,2.9027009]}