{"name":"RABBIT","xData":[2,5,10,20],"yData":[133.4353776177817,103.01941564578979,201.5241920961352,526.4940645439415]}