{"name":"RMI","xData":[2,5,10,20],"yData":[0.0848601,0.1140266,0.1844353,0.4233642]}