{"name":"RMI","xData":[2,5,10,20],"yData":[0.2928757,0.4209457,0.6796204,4.7718333]}