{"name":"OUR RPC","xData":[2,5,10,20],"yData":[1.6594702,1.5926476,1.9367276,2.8886983]}