{"name":"OUR RPC","xData":[2,5,10,20],"yData":[7.833528,7.6726974,8.373711,10.2320876]}