{"name":"TCP","xData":[2,5,10,20],"yData":[0.2290118,0.3291585,0.1960642,0.3568298]}