{"name":"TCP","xData":[2,5,10,20],"yData":[0.0469657,0.0636323,0.0593207,0.0924314]}