{"name":"UDP","xData":[2,5,10,20],"yData":[0.0301753,0.0291047,0.0743329,0.0625333]}