{"name":"UDP","xData":[2,5,10,20],"yData":[0.0551734,0.086892,0.1022559,0.1642624]}